{
  "packages": [
    {
      "name": "MCU-SAMD",
      "maintainer": "AHB MCU-SAMD xMaster",
      "websiteUrl": "https://github.com/ahbuescher/MCU-SAMD-xMaster",
      "Url": "https://ahbuescher.github.io/MCU-SAMD-xMaster/package_mcu-samd-xmaster_index.json",
      "email": "hbcruiser537@icloud.com",
      "platforms": [
        {
          "name": "MCU-SAMD xMaster",
          "architecture": "samd",
          "version": "1.1.1",
          "deprecated": false,
          "category": "Contributed",
          "url": "https://ahbuescher.github.io/MCU-SAMD-xMaster/samd21j18-x2-1.1.1.zip",
          "archiveFileName": "samd21j18-x2-1.1.1.zip",
          "checksum": "SHA-256:f227d8b3ab9cdaf6de0e5985c88ae1e742b95d6e78b6ac276abc73ad11db80d6",
          "size": "1683120",
          "boards": [
            {
              "name": "MCU-SAMD21J18-X2"
            }
          ],
          "help": {},
          "toolsDependencies": [
            {
              "packager": "arduino",
              "name": "arduinoOTA",
              "version": "1.2.1"
            },
            {
              "packager": "arduino",
              "name": "arm-none-eabi-gcc",
              "version": "7-2017q4"
            },
            {
              "packager": "arduino",
              "name": "bossac",
              "version": "1.7.0-arduino3"
            },
            {
              "packager": "arduino",
              "name": "openocd",
              "version": "0.10.0-arduino7"
            },
            {
              "packager": "arduino",
              "name": "CMSIS",
              "version": "4.5.0"
            },
            {
              "packager": "arduino",
              "name": "CMSIS-Atmel",
              "version": "1.2.0"
            }
          ],
          "discoveryDependencies": [],
          "monitorDependencies": []
        }
      ],
      "tools": [],
      "help": {
        "online": "https://github.com/ahbuescher/MCU-SAMD-xMaster"
      }
    }
  ],
  "IsTrusted": false
}